{
  "detection_reliability": {
    "total_frames": 161,
    "detected_frames": 161,
    "missed_frames": 0,
    "detection_rate_percent": 100.0,
    "num_gaps": 0,
    "avg_gap_length": 0.0,
    "max_gap_length": 0,
    "min_gap_length": 0
  },
  "processing_speed": {
    "avg_fps": 3.3931343385562207,
    "max_fps": 4.085256254790868,
    "min_fps": 0.7225819077846269,
    "avg_frame_time_ms": 294.71276413579903,
    "std_frame_time_ms": 127.92795953070056,
    "median_frame_time_ms": 265.2754783630371,
    "p95_frame_time_ms": 367.08521842956543,
    "p99_frame_time_ms": 908.4993362426791
  },
  "position_stability": {
    "x_std_mm": 41.93405160340931,
    "y_std_mm": 55.72867872460862,
    "z_std_mm": 226.40009435480795,
    "overall_std_mm": 236.8990355407425,
    "stability_score": 21.0336548197525,
    "x_mean_mm": 10.340300384447538,
    "y_mean_mm": -28.19596084534524,
    "z_mean_mm": 712.2955537804213
  },
  "tracking_smoothness": {
    "raw_avg_jitter_mm": 44.22833917012025,
    "raw_std_jitter_mm": 42.26683157154816,
    "raw_max_jitter_mm": 239.5303858474647,
    "raw_min_jitter_mm": 0.0,
    "smoothness_score": 55.77166082987975,
    "filtered_avg_jitter_mm": 28.07068568625213,
    "filtered_std_jitter_mm": 18.50627639374877,
    "filtered_max_jitter_mm": 76.28021638295921
  },
  "kalman_effectiveness": {
    "x_noise_reduction_percent": 13.632898211979505,
    "y_noise_reduction_percent": 3.4912050800965004,
    "z_noise_reduction_percent": 7.432069162945225,
    "avg_noise_reduction_percent": 8.18539081834041,
    "jitter_reduction_percent": 36.53235411286684,
    "effectiveness_score": 22.358872465603625,
    "raw_avg_std_mm": 108.02094156094195,
    "filtered_avg_std_mm": 99.85806135048244
  },
  "session_info": {
    "method_name": "YOLOv8",
    "start_time": "2026-02-16T21:58:25.895716",
    "duration_sec": 64.23310804367065,
    "total_frames": 161
  }
}